{
    "elements": {
        "th:block": {}
    },
    "attributes": {
        "th:text": {},
        "th:object": {
            "context": "table"
        },
        "th:errors": {
            "context": "span"
        },
        "th:fragment": {},
        "th:field": {
            "context": "select"
        },
        "th:each": {
            "context": "tr"
        },
        "th:if": {
            "context": "span"
        },
        "th:unless": {
            "context": "span"
        },
        "th:src": {},
        "th:remove": {},
        "th:replace": {},
        "th:switch": {
            "context": "div"
        },
        "th:href": {},
        "th:case": {
            "context": "input"
        },
        "th:class": {},
        "th:value": {
            "context": "input"
        }
    }
}